{"cameraMode":{"drawMode":0,"name":"Shaded","section":"Shading Mode"},"sceneLighting":true,"audioPlay":false,"sceneViewState":{"showFog":true,"showMaterialUpdate":false,"showSkybox":true,"showFlares":true,"showImageEffects":true,"showParticleSystems":true},"in2DMode":false,"pivot":{"x":-3.546311378479004,"y":2.3275532722473146,"z":0.04383373260498047},"rotation":{"x":-0.09630908071994782,"y":0.7997940182685852,"z":-0.13343104720115663,"w":-0.5772807598114014},"size":10.956945419311524,"orthographic":false}