{"cameraMode":{"drawMode":0,"name":"Shaded","section":"Shading Mode"},"sceneLighting":true,"audioPlay":false,"sceneViewState":{"showFog":true,"showMaterialUpdate":false,"showSkybox":true,"showFlares":true,"showImageEffects":true,"showParticleSystems":true},"in2DMode":false,"pivot":{"x":-1.4425742626190186,"y":-17.895580291748048,"z":31.55093002319336},"rotation":{"x":-0.2534583508968353,"y":0.06291821599006653,"z":-0.016522858291864396,"w":-0.9651583433151245},"size":47.43844223022461,"orthographic":false}