{"cameraMode":{"drawMode":0,"name":"Shaded","section":"Shading Mode"},"sceneLighting":true,"audioPlay":false,"sceneViewState":{"showFog":true,"showMaterialUpdate":false,"showSkybox":true,"showFlares":true,"showImageEffects":true,"showParticleSystems":true},"in2DMode":false,"pivot":{"x":-1.1315970420837403,"y":-0.15880799293518067,"z":-0.5815362930297852},"rotation":{"x":-0.10310472548007965,"y":0.895842969417572,"z":-0.281844824552536,"w":-0.32771822810173037},"size":19.010303497314454,"orthographic":false}